"","tick","130103","130104","130105","130106","130107","130108","130109","130110","130111","130112","130113","130114","130117","130118","130119","130120","130121","130122","230103","230104","230105","230106","230107","230108","230110","230111","230112","230113","230114","230115","230116","230117","230118","230119","230120","230121"
"1",1,100,100,100,100,100,100,100,100,100,100,100,100,100,100,100,100,100,100,100,100,100,100,100,100,100,100,100,100,100,100,100,100,100,100,100,100
"2",2,103.97,109.18,115.55,90.49,115.78,92.59,100.18,116.21,99.9,93.56,91.58,95.22,95.38,100.28,108.81,95.59,84.07,120.04,120.6,111.31,101.18,95.44,82.59,99.8,107.85,100.9,86.99,96.99,78.7,89.49,98.18,74.22,88.76,114.52,110.48,98.12
"3",3,97.23,106.77,98.67,97,113.97,96.91,94.91,129.94,109.37,103.96,108.95,98.19,79.2,120.47,112.51,88.25,86.11,103.73,123.92,106.79,96.12,97.85,62.45,106.17,103.23,103.26,76.14,105.88,73.25,76.06,100.11,72.96,77.02,116.09,100.05,106.64
"4",4,83.77,112.38,98.93,106.64,116.6,93.42,104.49,117.72,110.73,81.53,111.28,76.85,73.37,128.62,100.8,98.35,95.99,104.2,112.76,123.57,78.69,104.04,71.05,101.64,106.63,96.93,77.64,104.33,93.45,90.32,95.54,69.52,96.86,126.45,83.09,100.42
"5",5,98.12,108.27,108.71,110.43,124.21,97.03,98.07,110.42,125.46,78.19,102.07,103.64,80.41,109.99,92.88,103.95,102.94,86.14,113.12,139.94,73.28,101.31,88.93,90.99,95.43,120.38,81.08,97.82,113.02,114.51,85.56,80.97,102.31,106.59,125.54,86.15
"6",6,102.65,111.28,101.19,113.89,141.89,89.64,98.88,107.62,121.5,92.73,85.54,106.6,89.3,107.54,78.53,103.63,101.79,96.82,109.19,122.76,83.44,100.02,97.85,102.62,89.03,118.29,87.04,110.68,108.72,112.1,87.4,60.88,109.48,93.02,119.19,92.92
"7",7,97.69,127.47,99.7,105.82,140.91,90.98,81.4,99.69,119.23,71.56,78.2,83.6,89.98,101.29,102.76,112.46,101.64,99.02,115.9,111.15,97.21,109.9,85.53,97.6,89.27,132.06,93.65,111.12,102.05,101.98,84.17,69.91,112.15,109.9,114.77,104.7
"8",8,90.07,125.01,110.02,92.59,100.76,75.38,111.23,101.47,108.37,74.98,74.76,81.34,93.63,90.25,118,109.51,111.6,107.35,112.66,84.99,83.63,103.8,76.92,98.11,93.71,119.72,93.35,103.42,98.97,95.67,71.65,54.98,116.86,115.39,108.92,104.4
"9",9,103.44,116.81,91.38,106.24,93.51,77.38,105.48,85.96,92.51,74.41,58.91,83.23,98.06,100.26,97.15,118.98,106.59,99.96,97.83,89.52,114.93,81.56,89.35,99.98,89.2,112.5,98.92,108.69,100.33,87.93,86.8,49.99,117.36,112.72,124.53,91.22
"10",10,93.9,113.13,95.84,92.08,105.98,84.46,85.03,94.01,75.11,71.97,58.92,90.18,83.64,114.46,110.49,131.66,103.18,105.12,119.47,74.95,105.69,99.35,87.73,92.86,84.77,110.91,103.98,99.25,100.28,80.16,106.1,66.17,104.61,118.17,123.45,122.55
"11",11,78.78,122.85,89.23,97,104.76,94.55,91.6,93.3,75.54,89.29,65.53,88.68,81.33,116.58,108.72,107.82,91.41,115.15,113.51,83.68,114.68,107.13,107.08,91.29,79.79,101.44,106.64,101.04,85.62,105.48,109.48,93.06,82.54,104.11,124.06,140.15
"12",12,73.03,119.6,74.26,112.12,106.72,77.15,101.59,111.05,78.91,96.07,78.44,76.3,75.37,110.03,110.67,115.09,95.82,103.96,125.09,99.76,109.5,104.24,104.55,86.21,98.81,83.52,100.31,107.62,93.47,102.46,99.4,90.44,83.67,108.88,112.42,115.2
"13",13,95.99,113.38,85.88,114.78,116.85,83.36,101.01,108.12,81.88,100.02,110.75,60.14,48.14,113,112.65,108.57,88.98,118.84,127.35,91.12,96.18,102.95,122.01,88.78,117.62,97.86,107.34,109.51,82.25,89.96,122.29,79.89,96.03,110.15,104.19,115.63
"14",14,108.1,130.7,73.85,106.72,101.13,90.23,118.1,106.19,75.87,106.94,133.25,71.11,50.22,106.72,120.28,112.56,84.56,110.53,120.32,90.24,97.75,85.19,131.82,87.16,111.38,81.29,104.16,102.1,96.83,77.52,118.62,71.29,101.01,102.89,112.68,106.8
"15",15,114.16,121.34,85.84,105.87,89.63,84.89,91.81,105.21,77.12,102.43,106.11,77.15,78.7,126.59,112.89,116.7,90.75,123.3,122.76,89.67,107.3,72.76,127.76,102.1,101.29,82.61,104.07,83.45,93.59,109.79,119.89,78.2,107.33,105.12,95.61,103.55
"16",16,136.22,108.01,70.98,85.68,95.18,87.24,92.62,96.17,77.02,136.82,123.56,87.65,88.56,129.92,91.35,132.42,104.54,105.52,118.62,72.98,103.82,67.94,109.28,119.06,109.73,97.09,105.41,99.77,103.58,101.37,109.13,80.12,111.89,113.1,95.91,86.83
"17",17,136.65,105.07,58.42,90.67,121.88,84.18,100,90.53,73.13,120.21,112.19,91.71,92.02,130.32,87.27,127.44,94.68,113.67,115.41,74.76,102.35,74.24,103.77,98.9,85.15,87.09,115.4,78.92,89.89,96.34,95.85,96.01,105.11,111.06,78.51,81.68
"18",18,122.58,118.81,76.21,90.28,109.73,84.11,123.41,84.43,77.48,131.41,115.81,111.97,105.03,128.13,95.4,118.3,85.36,101.27,107.28,74.67,101.97,79.98,116.61,75.82,95.69,78.65,145.03,95.95,94.44,105.19,106.6,87.53,106.87,108.89,92.95,89.22
"19",19,129.58,113.01,68.87,88.49,112.74,69.03,123.73,108.03,78.58,137.85,135.98,109.72,95.36,107.35,81.74,134,109.5,97.93,113.77,77.46,112.57,91.02,108.7,93.16,114.92,83.85,157.98,99.93,92.63,110.35,101.22,69,93.85,138.05,79.05,103.96
"20",20,113.06,114.79,83.56,85.68,133.25,75.51,127.13,107.35,69.25,127.28,123.04,96.33,94.49,109.64,78.4,136.26,116.96,102.33,118.85,88.68,87.77,111.58,119.1,98.42,117.09,89.58,142.03,104.7,89.91,134.65,109.47,56.49,85.26,127.14,72.9,116.99
"21",21,103.34,99.73,74.76,79.73,121.49,71.1,134.56,98.65,71.53,121.74,111.46,75.24,129.15,112.18,77.63,153.74,135.15,77.64,92.34,117.59,64.95,89.05,91.92,108.94,115.15,115.6,122.83,113.98,88.65,122.52,98.81,64.03,85.16,128.37,70.53,117.08
"22",22,86.72,90.53,77.85,68.78,106.5,61.3,132.2,103.09,67.79,115.68,93.45,82.07,134.2,78.01,71.64,134.7,145.55,100.8,112.44,124.05,66.25,89.65,91.71,106,109.51,104.41,115.82,128.91,82.51,108.14,117.6,65.95,83.37,124.91,89.79,104.51
"23",23,109.84,101.08,87.08,85.34,116.41,88.66,117.49,98.22,71.39,109.94,103.73,94.17,121.58,77.34,76.27,131.68,146.78,116.83,121.53,114,76.51,95.34,82.79,101.21,123.6,114.5,116.11,147.59,103.26,129.57,120.71,75.31,71.29,104.05,91.37,97.34
"24",24,92.45,109.31,83.91,83.18,104.66,72.13,109.7,100.94,67.48,105.09,117.61,79.16,134.49,70.99,78.45,137.46,124.02,120.76,115.48,123.85,94.89,118.41,83.43,100.1,124.77,97.06,107.8,141.85,94.2,124.25,120.62,94.73,73.79,90.92,105.24,116.47
"25",25,92.29,97.01,87.46,97.6,109.76,76.25,116.6,91.89,71.5,121.18,119.11,110.86,117.5,68.94,78.96,143.97,130.93,114.37,112.68,129.63,96.56,109.65,77.17,111.26,108.32,80.99,114.29,145.15,90.52,118.85,112.72,76.21,59.17,81.32,119.07,112.86
"26",26,93.98,73.58,81.22,107.62,122.77,61.58,92.26,79.61,86.91,116.24,107.23,113.74,108.09,78.37,85.17,147.4,140.96,104.35,115.24,114.16,79.28,96.63,93.09,117.77,118.56,82.57,110.04,153.74,79.19,108.32,108.95,64.87,62.07,75.68,114.04,88.59
"27",27,101.99,101.83,85.45,115.38,115.17,76.24,114.39,81.31,80.93,116.59,102.7,100.35,95.96,79.23,93.64,130.71,131.61,127.83,121.17,114.41,82.91,108.14,90.97,109.94,103.01,86.19,108.93,129.55,79.45,112.1,113.54,80.44,78.22,91.96,111.95,78.71
"28",28,109.49,93.96,88.44,93.46,117.13,75.77,103.63,101.12,60.46,129.21,103.68,84.26,117.33,85.76,85.96,127.27,121.38,129.56,100.28,97.41,91.11,111.02,88.45,106.49,129.13,72.2,83.55,112.42,84.02,126.2,116.57,78.96,73.19,92.01,98.36,91.72
"29",29,108.19,108.88,98.03,92.85,121.6,81.26,86.57,109.7,76.69,124.99,103.08,91.58,121.33,82.44,88.4,127.31,107.33,112.18,79.56,94.35,97.93,87.92,100.95,90.51,130.18,72.24,73.33,102.54,86.99,124.45,138.52,101.46,77.61,102.13,111.26,88.6
"30",30,111.36,101.23,79.44,66.03,114.84,94.91,85.02,112.37,90.76,121.91,108.19,117.09,116.47,83.53,100.78,147.01,109.88,92.57,82.26,96.66,85.74,104.85,83.69,86.12,115.34,80.33,81.64,81.09,79.18,124.03,139.84,103.92,76.02,110.79,121.1,94.88
"31",31,125.15,111.22,89,74.81,106.15,103.24,97.61,98.23,76.5,131.91,85.7,87.57,109.06,83.28,99.31,131.59,89.92,76.87,79.46,91.07,92.13,109.2,77.08,84.16,117.24,80.87,86.91,90.87,82.3,98.82,132.16,118.13,86.63,126.74,125.55,97.72
"32",32,113.4,93.88,103.51,93.34,110.52,96.91,88.38,103.91,79.2,131.87,82.77,120.87,105.82,76.1,92.31,115.82,85.45,69.78,73.29,88.02,92.55,95.72,95.72,113.06,123.8,95.46,93.19,81.24,74.43,111.29,118.61,105.29,98.57,120.18,123.01,91.32
"33",33,121.89,92.68,79.81,87.04,104.68,96.29,110.08,103.48,70.4,108.88,71.38,92.09,99.54,76.94,101.38,104.59,78.35,80.65,102.29,86.5,96.72,101.85,102.48,103.65,101.11,98.74,98.83,93.77,80.31,115.64,126.42,106.73,119.24,114.65,129.25,85.46
"34",34,110.9,92.32,101.44,71.67,111.25,88.18,115.8,115.11,91.13,91.7,96.84,100.9,97.6,85.44,117.5,126.65,88.16,98.25,126.79,78.79,88.53,110.63,116.23,80.14,100.73,106.65,102.36,110.47,89.16,100.38,140.38,113.58,116.85,103.01,148.49,91.22
"35",35,96.61,77.01,118.82,74.62,120.01,104.2,115.71,97.96,87.56,106.05,91.26,117.09,92.3,72.35,104.19,104.98,99.07,114.08,133.77,105.57,71.51,102.89,94.61,93.26,102.52,98.65,98.97,86.21,85.31,77.93,126.41,116.12,116.53,81.56,136.65,92.97
"36",36,99.09,96.44,113.74,90.24,101.38,129.51,117.87,110.99,93.4,112.68,87.13,114.48,90.44,79.28,133.77,78.21,95.28,119.27,130.75,90.48,80.93,101.26,94.66,87.67,101.34,97.38,107.83,81.3,78.46,61.42,142.83,107.74,98.19,65.23,142.66,59.84
"37",37,100.29,113.37,105.67,76.78,111.45,132.76,106.85,106.47,111.17,120.79,69.63,103.13,88.54,98.3,147.89,75.8,107.04,90.13,123.36,79.01,109.37,108.09,113.99,88.88,92.02,105.4,85.77,78.72,79.59,61.44,149.3,93.41,114.04,79.8,148.34,103.03
"38",38,118.84,109.49,93.06,79.13,123.24,121.08,113.85,106.16,120.59,111.77,73.53,118.46,85.15,107.61,130.91,81.03,124.57,100.36,122.29,81.82,95.4,111.33,105.71,96.54,104.03,103.93,94.94,79.11,77.68,58.15,167.73,95.99,110.39,90.53,127.29,64.38
"39",39,100.29,102.82,121.39,91.57,106.69,118.46,114.78,95.86,117.1,98.12,63.25,107.57,108.57,95.03,123.16,72.2,123.4,126.95,125.6,89.03,96.93,146.75,105.84,96.68,80.81,84.82,94.35,67.27,59.47,76.52,164.74,97.07,76.31,64.92,108.34,59.53
"40",40,105.98,93.61,132.04,99.92,117.12,100.07,93.42,102.57,113.9,103.36,78.82,106.34,115.4,102.89,116.07,54.57,124.33,125.8,116.98,92.63,96.46,135.36,114.67,106.66,62.2,90.79,105.99,85.56,64.57,65.45,149.05,92.6,75.61,68.22,99.28,51.04
"41",41,113.19,109.48,144.18,109.77,127.26,107.47,115.21,118.11,99.09,94.69,73.67,88.16,108.63,117.84,132.34,69.66,128.35,98.05,107.12,93.97,108.04,134.17,111.53,109.34,66.96,91.22,116.55,91.29,81.02,76.77,145.09,68.96,85.25,90.55,90.59,64.37
"42",42,115.34,82.72,127.99,98.18,122.28,109.05,123.56,126.28,84.68,91.02,65.01,86.89,100.59,98.61,133.39,63.31,142.77,107,99.54,100.53,119.97,125.44,107.78,92.51,54.04,105.21,112.49,81.48,97.75,90.11,130.41,71.59,88.01,98.54,103.39,92.63
"43",43,122.31,106.94,127.04,116.14,126.22,98.86,110.78,117.49,93.48,70.23,72.87,77.96,93.72,96.91,138.67,83.17,125.46,83.67,89.91,87.08,96.88,110.23,97.09,41.76,72.93,78.97,105.01,71.63,110.92,96.68,121.72,63.12,103,83.66,104.93,102.67
"44",44,109.13,98.82,119.95,125.7,124.58,96.96,93.69,107.7,90.36,70.37,73.45,72.01,88.77,92.48,134.4,97.83,131.38,91.64,93.82,83.44,79.93,106.03,102.58,47.19,97.13,89.29,111,83.33,109.05,100.65,133.87,88.32,76.42,87.75,88.45,104.73
"45",45,119.71,136.56,112.19,117.07,130.85,102.8,87.22,105.09,84.46,69.68,63.02,74.62,103.81,90.39,114.72,108.44,111.16,85.39,116.87,75.91,70.18,102.32,94.86,51.65,103.02,114.88,96.89,82.38,107.13,119.33,132.84,71.92,54.79,83.46,103.28,93.43
"46",46,120.1,129.59,118.91,121,124.87,102.87,96.02,97.05,91.97,78.17,62.95,81.21,127.24,84.91,105.28,85.17,111.42,88.64,128.26,87.13,58.24,99.98,94.38,47.83,114.51,113.52,85.79,76.34,102.05,104.68,130.28,82.93,65.32,68.44,115.48,105.03
"47",47,99.71,128.81,104.47,99.66,125.64,114.75,97.9,97.73,77.94,65.73,81.2,55.48,112.38,80.09,110.23,93.53,105.95,86.31,109.87,91.85,54.89,114.44,104.81,56.08,111.14,108.81,104.03,64.99,101.49,104.38,112.55,70.69,60.6,79.02,104.43,97.35
"48",48,97.2,129.87,101.28,82.1,98.81,104.96,107.08,103.69,81.96,87.44,80.05,46.2,106.44,61.9,126.97,96.14,122.69,100.5,114.54,91.82,80.11,124.5,91.08,74.66,121.41,104.88,81.18,69.04,85.39,101.06,94.99,89.71,91.62,94.9,123.39,99.72
"49",49,90.05,133.07,102.63,89.18,115.3,82.07,104.43,100.34,95.55,90.02,78.4,58.59,105.1,74.92,139.17,95.05,125.93,105.71,116.81,91.38,88.91,113.13,91.5,86.05,123.59,111.83,79.13,83.44,94.75,120.06,80.67,91.43,88.66,125.85,115.65,106.28
"50",50,97.4,145.19,116.57,80.59,118.38,92.24,81.55,83.05,69.23,89.02,78.06,63.46,101,103.43,134.48,98.11,129.22,97.86,107.3,100.09,66.17,110.16,69.58,94.9,138.49,109.95,84.44,59.87,85.76,110.88,85.87,110.45,79.5,142.4,108.18,104.27
"51",51,99.25,132.54,119.3,68,119.3,102.99,88.97,87.63,75.48,82.2,82.6,85.16,55.14,107.01,122.59,90.52,127.99,97.93,84.03,97.64,84.33,103.91,74.71,103.92,136.6,132,106.41,53.46,98.38,106.37,89.31,96.9,78.32,134.35,114.17,111.51
"52",52,83.84,130.55,111.2,67.58,111.71,89.23,74.9,100.13,72.94,85.03,90.69,75.78,49.57,111.56,110.11,88.4,131.67,80.55,122.47,99.84,89.86,108.36,76.42,121.39,133.34,117.18,116.48,57.39,111.6,97.56,82.24,104.75,91.93,122.08,106.45,81.51
"53",53,78.45,108.45,95.24,62.18,115.77,98.43,82.61,112.02,77.52,80.33,88.35,74.69,29.09,105.42,90.55,85.64,126.64,83.3,99.46,107.74,71.45,105,58.6,131.09,102.12,100.4,117.74,70.96,97.83,106.64,80.86,91.5,96.43,127.57,114.32,99.03
"54",54,74.67,83.49,99.62,51.64,118.48,93.72,83.57,115.69,65.62,89.58,90.5,77.9,51.45,108.17,91.24,83.52,111.24,116.21,103.45,93.45,72.78,121.57,84.04,131.75,119.3,109.91,111.65,65.65,107.66,112.25,93.86,92.09,107.39,133.83,114.31,100.04
"55",55,60.22,99.84,92.89,62.53,116.94,96.36,102.99,133.11,41.37,86.87,78.07,58.08,55.74,89.33,112.49,90.02,104.15,115.79,112.54,96.62,95.31,129.89,91.07,126.9,131.47,106.41,120.76,36.83,119.96,116,100.26,89.92,116.89,121.27,94.3,68.77
"56",56,49.93,107.77,61.35,78.47,118.7,90.02,111.68,137.02,49.03,93.53,96.23,70.22,54.21,93.07,131.79,90.33,88.97,131.97,100.44,119.62,111.42,98.06,93.12,105.19,126.38,101.61,88.18,46.74,119.59,82.06,113.6,83.21,108.26,110.53,121.25,83.05
"57",57,64.54,109,66.82,79.12,118.78,82.28,95.79,139.86,54.68,104.39,116.7,81.58,56.9,107.17,138.38,82.45,73.33,145.07,101.43,109,120.03,108.92,88.83,89.83,138.98,109.8,97.94,60.21,108.6,92.02,109.06,105.39,92.66,74.99,119.75,96.1
"58",58,63.48,111.71,79.92,80.36,108.81,81.08,95.16,121.01,57.24,109.46,115.97,104.44,71.74,97.03,150.74,80.97,67.84,151.99,108.4,109.98,122.09,102.96,81.17,86.78,128.04,89.52,111.16,52.29,116.35,98.61,119.01,121.03,101.76,66.35,135.9,93.25
"59",59,56.57,134.5,93.17,66.54,109.83,88.82,90.67,113.58,74.4,109.57,132.63,105.6,49.98,110.44,152.11,92.07,63.38,151.19,118.78,112.3,126.71,111.01,92.96,85.84,132.36,108.61,96.54,51.13,110.61,107.21,128.07,104.04,101.54,84.01,136.34,109.73
"60",60,61.03,164.61,77.59,81.71,105.21,86.7,81.94,114.61,85.61,129.6,121.44,118.71,83.97,108.07,152.42,95.86,71.4,153.97,97.52,112.8,120.54,95.22,104.03,87.49,130.83,99.46,110.67,40.34,128.12,124.38,111.44,95.09,90.48,82.9,150.61,104.8
"61",61,60.31,169.48,80.7,79.07,84.72,97.29,77.65,91.04,88.24,115.64,118.62,125.59,88.68,121.46,151.23,92.35,68.02,148.28,90.92,119.01,131.4,97.64,104.39,78.22,112.7,99.36,111.87,52.34,121.16,108.08,88.19,92.81,112.05,84.51,130.93,104
"62",62,64.72,152.93,62.46,91.66,91.22,104.06,80.28,81.48,116.27,122.14,96.93,136.56,90.27,125.12,123.04,87.07,80.54,146.85,94.32,132.02,134.23,101.77,100.58,73.21,125.31,101.48,95.6,65.84,112.55,98.36,86.04,96.81,99.23,87.48,119.85,105.77
"63",63,56.03,153.26,68.3,101.06,88.8,127.76,81.48,80.72,124.88,137.36,87.63,126.2,88.47,88.06,141,96.69,91.75,126.26,124.19,127.47,105.97,98.22,117.24,88.67,121.59,115.09,99.76,77.56,97.09,105.46,91.79,87.81,82.8,97.46,125.37,107.49
"64",64,59.68,143.59,62.55,120.94,80.44,115.69,110.78,78.74,120.92,137.97,82.75,131.28,89.34,100.04,129.25,88.46,103.51,106.55,123.83,119.77,109.54,107.6,96.69,87.79,119.58,118.86,111.53,87.02,106.87,104.77,88.57,90.69,82.18,115.25,126.14,109.83
"65",65,87.3,152.3,75.7,114.71,106.5,105.4,91.57,75.27,123.32,130.73,82.83,124.21,85.03,109.39,102.73,78.44,110.93,94.59,125.77,113.2,112.32,96.58,92.54,118.78,138.33,129.2,92.8,95.77,99.85,100.92,100.65,85.68,117.56,116.82,159.11,98.53
"66",66,100.28,142.9,64.73,109.28,94.39,97.32,91.75,74.95,129.04,135.43,101.65,145.81,90.17,107.66,111.54,65.77,110.29,110.55,122.18,112.96,112.18,98.67,97.48,120.83,143.43,130,79.83,110.36,97.82,100.29,103.84,102.47,93.14,98.89,145.9,92.85
"67",67,91.81,144.88,51.9,113.86,109.84,97.93,88.24,81.59,122.2,112.24,98.79,140.21,86.65,103.67,134.86,66.12,99.15,85.15,115.06,124.88,117.57,99.51,89.58,102.9,121.02,109.32,79.2,106.26,94.76,103.71,87.64,107.43,94.77,89.11,130.02,86.29
"68",68,103.66,138.84,54.39,105.24,103.68,108.8,93.63,65.69,135.12,123.49,86.46,121.3,95.28,93.33,120.79,90.98,110.63,104.89,113.23,115.6,118.26,102.35,105.65,120.68,115.65,117.96,82.33,81.19,86.4,97.18,83.65,127.97,109.3,84.01,110.06,103.43
"69",69,97.98,125.1,64.11,119.66,90.41,119.44,114.94,67.16,139.22,110.43,83.61,133.46,93.43,91.31,115.05,86.27,105.53,121.84,111.32,143.56,117.23,126.69,108.28,135.75,135.13,126.58,76.22,99.52,101.47,91.87,81.88,136.2,120.43,69.91,107.79,99.62
"70",70,84.86,122.97,71.73,131.25,77.4,120.22,93.64,74.65,131.74,106.81,65.83,130.3,96.27,93.3,112.2,91.94,98.5,123.21,96.47,152.08,107.75,155.05,123.87,140.61,137.29,121.91,63.95,106.33,102.94,85.87,83.52,154.19,131.11,68.68,111.71,95.86
"71",71,89.47,114.27,82.68,136.59,88.13,136.21,114.63,71.87,129.33,94.27,65.93,122.8,98.81,104.81,101.11,89.17,103.9,121.6,121.03,159.27,92.89,154.28,149.05,139.86,158.79,113.07,57.42,113.17,79.77,85.8,78.88,164.42,140.32,71.74,101.71,92.12
"72",72,118.32,115.43,81.84,135.8,73.9,115.99,96.57,59.49,138.06,81.66,68.58,116.13,86.59,115.73,99.66,105,105.6,118.62,130.14,146.92,89.35,139.66,137.9,141.51,165.44,105.81,48.37,92.72,82.36,79.46,68,151.69,124.79,70.8,96.84,81.15
"73",73,109.26,87.1,82.66,118.69,69,107.52,105.55,51.25,136.64,97.73,73.84,124.47,107.97,88.6,109.03,115.4,125.64,109.52,105.27,159.88,89.47,144.36,132.72,120.85,153.08,71.22,65.54,107.21,92.24,59.68,55.01,133.77,110.61,57.37,89.69,89.94
"74",74,98.42,76.26,78.05,87.61,66.55,106.58,109.03,58.44,132.95,93.29,72.06,116.09,115.88,78.73,106.37,110.62,109.74,129.3,92.26,153.84,96.61,145.42,123.13,117.18,157.76,78.3,85.94,112.65,97.36,55.38,69.22,104.16,107.66,54.78,69.45,87.93
"75",75,100.37,59.05,79.37,81.37,49.92,92.59,109.13,52.93,147.7,87.11,91.39,97.27,118.21,96.9,101.34,90.32,102.11,136.1,103.69,162.93,72.11,143.96,111.63,132.23,164.06,94.88,105.89,117.36,103.95,60.07,77.69,105.5,93.31,55.41,76.08,96.11
"76",76,71.92,52.93,81.06,80.34,64.29,119.55,105.22,74.98,131.28,75.62,106.03,98.92,115.26,101.04,94.04,94.81,120.94,116.63,83.18,158.5,102.45,130.97,90.32,131.53,153.48,85.51,125.08,114.35,107.82,56.94,97.43,96.12,127.75,62.05,73.65,95.11
"77",77,79.74,41.35,75.98,107.19,66.88,99.23,98.67,78.75,121.36,82.73,122.22,84.51,114.42,109.13,101.93,113.27,135.57,113.01,73.61,160.57,87.58,147.91,84.37,126.98,144.59,76.43,127.67,108.31,116.87,71.78,96.05,93.08,129.45,74.19,89.09,103.14
"78",78,83.59,74.29,78.22,93.94,64.22,95.87,94.94,93.86,148.39,78.12,113.85,83.66,107.46,126.48,83.9,120.8,138.11,105.03,91.72,145.8,86.92,135.04,72.66,114.07,147.78,78.22,132.39,103.37,114.15,104.05,122.61,97.88,125.33,55.89,79.8,95.35
"79",79,76.56,67.99,65.94,131.06,76.47,98.04,83.64,91.14,152.19,67.03,101.2,99.53,84.55,122.78,85.88,126.61,140.18,100.37,100.78,145.31,72.95,130.41,77.27,101.09,106.98,83.5,138.94,102.76,126.12,118.41,98.61,104.05,119.05,47.33,97.7,81.92
"80",80,95.76,86.95,63.88,121.68,102.47,105.59,93.59,97.62,156.79,79.68,98.7,97.73,88.47,106.23,96.14,148.96,125.73,94.74,121.75,123.57,81.99,144.77,72.05,85.03,101.04,63.45,147.46,99,129.09,114.93,125.92,112.3,123.12,58.41,93.36,80.18
"81",81,86.27,79.63,85.77,141.43,80.94,73.8,89.27,103.09,143.52,90.35,102.39,103.47,98.48,108.96,113.98,135.97,125.18,98.64,113.27,112.01,93.5,140.71,93.06,76.36,108.68,69.23,143.28,110.62,123.36,121.16,117.76,120.54,104.99,67.05,119.19,73.69
"82",82,100.12,89.06,99.04,154.24,74.17,63.68,78.33,103.01,142.76,102.69,97.84,124.26,85.67,105.89,118.67,142.11,125.22,99.19,105.61,106.44,85.98,129.62,113.52,70.08,106.36,60.89,118.29,112.07,132.29,119.34,111.94,139.87,87.54,63.8,108.38,67.01
"83",83,109.95,100.85,92.93,149.24,76.98,76.07,81.83,93.59,161.19,104.4,92.4,84.95,76.28,106.95,123.27,138.77,123.21,104.48,102.64,107.43,104.37,113.42,109.25,74.29,110.96,65.2,111.66,121.18,117.46,108.8,102.07,125.93,91.34,67.26,108.5,67.29
"84",84,110.89,108.43,86.12,167.21,95.24,74.89,93.43,88.67,140.57,89.85,111.6,76.94,70.55,116.27,125.67,129.61,112.27,76.77,92.72,118.27,113.36,114.41,113.91,67.05,108.05,62.94,102.78,134.06,102.21,96.57,72.14,121.66,81.67,64.92,103.64,80.65
"85",85,97.59,108.68,96.55,141.15,85.19,75.91,78.01,80.56,132.25,98.23,109.85,109.36,87.69,113.02,113.02,132.35,102.83,103.75,91.23,120.37,118.55,126.83,98.64,72.84,99.34,74.63,82.47,141.55,90.23,94.04,77.65,112.55,84.75,67.26,77.74,65.69
"86",86,104.49,99.93,92.24,124.66,87.07,62.01,63.93,90.97,132.15,118.69,112.6,123.19,107.88,102.95,109.43,128.77,107.21,95.03,100.25,125.74,102.64,109.58,104.49,78.93,107.26,79.56,88.8,145.23,106.22,115,71.12,116.34,96.4,80.85,59.91,64.58
"87",87,107.04,103.42,79.02,113.13,102.5,62.72,67.69,77.07,136.26,112.26,91.3,119.9,105.67,102.83,97.66,126.92,98.12,95.14,104.47,118.88,128.45,107.22,99.18,79.23,96.39,100.32,93.17,131.01,137.08,96.47,77.7,99.11,110.71,78.47,72.35,60.05
"88",88,74.08,103.59,72.81,109.27,113.04,59.64,62.83,92.51,134.25,118.11,76.45,129.09,107.42,85.26,83.34,131.83,110.66,91.5,105.32,122.73,129.47,95.56,88.38,103.67,103.43,97.13,80.54,136.41,143.45,105.03,60.53,93.36,107.55,73.09,94.95,88.37
"89",89,74.01,99.96,76.08,103.69,121.37,63.35,60.29,87.18,131.92,109.78,80.55,124.12,87.19,82.41,70.95,112.78,107.45,78.59,97.65,108.78,115.85,95.95,89.9,113.77,76.9,95.19,86.6,144.41,143.96,83.7,65.32,93.71,107.11,71.51,89.28,80.81
"90",90,85.82,105.86,81.36,96.41,94.09,80.95,65.22,93.81,130.61,120.79,91.56,128.21,89.13,98.06,73.97,107.42,97.33,74.58,83.91,102.62,130.71,106.41,112.77,119.58,91.27,84.08,87.27,145.48,138.05,92.83,79.46,109.9,113.63,72.06,98.02,75.25
"91",91,87.63,124.12,94.95,108.64,96.89,81.15,87.98,108.44,107.65,129.91,92.15,103.62,73.3,66.1,89.32,115.52,107.87,69.61,72.12,112.91,132.84,108.03,103.59,135.5,99.08,85.31,64.92,124.5,129.75,113.54,80.78,105.02,91.43,106.92,98.51,81.74
"92",92,68.84,98.55,103.95,87.89,94.22,80.21,83.2,93.12,115.02,127.58,82.83,96.95,77.88,60.75,97.36,136.89,81.55,81.59,63.38,102.21,123.11,93.37,115.06,124.17,94.29,84.78,76.74,127.22,105.33,125.78,95.43,115.19,104.73,108.07,109.3,63.13
"93",93,58.6,103.34,93.34,89.38,100.57,80.74,88.11,104.8,125.81,121.59,95.16,106.41,53,45.01,90.4,126.49,62.99,92.02,68.76,107.97,130.47,90.01,106.82,126.16,93.71,72.9,95.91,104.92,106.47,140.27,115.62,99.78,118.02,129.72,89.78,82.74
"94",94,99.91,99.92,108.67,90.42,104.22,73.36,101.79,105.6,116.06,102.38,108.36,123.48,56.28,44.1,104.07,133.58,80.31,112.39,60.16,89.66,129.52,90.74,111.56,135.39,99.04,54.43,91.2,89.21,91.3,141.51,124.83,84.99,121.79,130.17,101.78,94.72
"95",95,85.51,102.92,103.69,71.16,58.81,87.88,105.19,86.23,98.06,102.06,89.57,108.81,45.54,52.39,99.25,120.44,84.72,96.18,65.1,69.67,135.52,98.7,122.61,126.73,94.41,60.4,111.26,85.38,85,154.54,109.1,72.73,116.39,117.67,98.76,96.31
"96",96,95.33,101.76,82.56,86.81,69.54,84.96,105.09,89.31,96.83,94.36,80.93,108.37,55.69,43.19,102.2,124.9,98.95,102.63,46.46,86.83,131.27,119.08,96.92,111.11,83.42,63.71,123.97,106.35,86.67,144.62,108.85,81.75,119.41,101.88,108.73,101.12
"97",97,66.22,90.81,105.75,85,82.2,91.15,123.94,94.24,92.49,113.87,86.03,125.19,85.3,73.37,94.09,118.22,103.71,88.1,43.75,82.35,137.96,132.06,104.86,108.9,91.15,65.5,109.29,104.7,92.73,148.3,99.95,73.73,118.07,97.5,101.81,74.39
"98",98,81.59,106.17,126.42,98.88,98.52,88.88,139.13,101.26,97.74,110.55,89.2,100.13,70.05,86.85,101.63,117.15,112.43,107.65,51.56,105.35,131.02,111.32,100.48,125.17,105.29,72.5,92.05,124.86,123.32,139.2,105.21,113.9,109.07,106.17,107.99,72.11
"99",99,86.73,102.92,121.48,87.62,107.73,86.34,125.01,113.32,112.93,95.17,88.79,110.68,93.62,104.49,87.47,122.78,132,108.61,36.64,93.3,104.93,107.14,107.13,120.35,115.49,79.85,77.2,120.82,113.18,133.91,108.4,132.25,130.54,115.8,111.83,83.16
"100",100,90.66,114.82,127.46,84.77,91.29,80.23,118.63,125.04,117.87,95.71,82.97,98.91,93.72,80.18,74.6,105.21,111.76,114.88,41.98,93.46,98.17,133.72,107.68,126.44,87.44,76.59,67.95,113.45,115.27,135.01,92.74,140.71,146.77,102.93,115.8,78.36
"101",101,123.44,103.34,122.45,69.48,88.42,86.23,112.27,112.76,113.6,119.53,93.98,83.92,91.55,77.7,69.09,102.46,99.5,132.42,47.63,90.37,105.8,143.84,116.3,116.45,79.9,72.6,59.51,102.3,116.89,127.8,80.2,141.63,130.09,123.15,86.54,85.16
"102",102,119.8,123.97,137.1,66.63,85.16,111.13,108.76,107.21,99.4,104.13,102.1,86.86,98.3,80.88,73.23,98.9,114.51,99.51,53.36,86.64,96.32,123.13,117.3,105.31,78.19,68.12,48.46,114.54,100.91,121.22,71.99,134.61,126.75,121.31,100.81,74.45
"103",103,121.41,121.86,140.82,79.94,96.62,105.22,114.96,117.43,101.68,103.96,94.66,96.15,100.41,87.09,75.43,87.85,117.37,108.18,76.43,82.97,90.94,120.19,135.05,81.98,62.81,58.25,41,110.61,98.53,99.28,91.6,127.96,136.39,106.64,116.6,67.04
"104",104,98.53,113.14,140.95,76.22,89.87,88.85,107.55,109.84,109.32,90.64,112.21,117.54,91.7,87.28,76.28,85.29,117.37,107.14,89.88,89.5,74.41,116.96,134.83,75.85,54.64,66.06,54.82,110.5,103.68,93.75,97.39,117.45,136.57,102.79,101.84,87.2
"105",105,104.83,96.16,116.77,68.57,70.78,110.05,109.88,109.04,101.43,108.68,119.76,112.56,97.52,104.25,84.55,76.6,106.73,88.22,90.03,93.41,70.39,113.63,136.16,63.43,65.68,87.17,62.73,123.09,97.03,110.35,85.91,119.56,113.98,91.95,82.37,71.28
"106",106,112.22,92.15,106.32,55.56,81.93,110.32,105.46,124.63,98.65,86.34,119.07,91.18,89.25,91.58,85.46,86.83,101.08,103.45,96.85,73.42,80.74,85.42,127.33,71.66,79.52,81.83,77.52,111.08,88.98,109.03,108.07,110.94,120.64,92.7,85.68,80.14
"107",107,104.29,89.08,93.66,62.13,105.38,126.19,96.85,124.11,107.91,102.46,89.27,96.78,93.63,87.79,97.42,99.57,97.26,106.37,107.99,63.89,94.16,100.69,127.83,76.73,92.24,82.42,101.21,119.62,108.83,122.97,104.99,109.85,105.82,105.15,82.01,73.35
"108",108,103.41,97.89,95.11,79.99,105.83,116.45,102.75,111.15,112.22,90.93,86.17,80.07,110.63,70.85,76.45,84.45,76.33,89.18,115.18,79.7,99.58,125.02,99.06,81.45,102.94,88.48,110.21,117.41,120.3,93.31,102.56,117.97,123.29,109.06,96.67,81.24
"109",109,133.26,113.73,92.54,79.57,111.14,126.56,92.09,105.84,106,91.05,85.04,94.68,102.8,73.97,72.48,94.25,87.29,76.54,142.27,78.95,101.12,110.7,100.09,92.6,101.83,111.77,108.92,123.5,131.01,88.06,85.46,125.53,114.99,96.11,102.81,69.89
"110",110,147.01,118.69,84.7,92.57,117.03,117.69,90.74,112.11,118.24,115.74,69.38,92.23,96.79,74.6,69.61,106.67,75.97,91.31,132.88,93.48,96.57,104.67,88.12,101.39,99.58,113.92,124.61,122.48,128.35,68.62,74.71,134.4,116.46,89.6,116.66,78.87
"111",111,144,112.09,79.19,79,129.91,108.95,88.5,91.13,105.45,108.06,74.9,101.51,83.12,66.98,81.43,80.76,84.99,106.81,108.61,92.24,90.12,103.91,90.45,74.27,86.52,116.6,125.2,134.84,131.88,95.05,78.05,135.9,116.82,83.74,127.55,74.87
"112",112,123.02,115.36,90.92,89.5,129.89,108.52,85.8,88.6,117.74,91.06,79.48,117.5,73.63,54.88,85.97,77.07,107.06,115.39,95.39,102.82,111.63,84.38,86.4,64.35,84.92,97.37,130.32,143.1,121.09,85.97,86.11,156.91,105.72,84.82,100.76,91.13
"113",113,143.01,125.97,93.41,73.63,131.28,116.55,98.72,101.91,112.15,91.74,86.59,135.54,70.32,77.64,87.6,79.79,104.97,123.02,92.74,81.55,77.99,83.72,97.1,70.88,68.18,99.58,111.37,112.72,125.71,91.17,87.64,145.69,108.91,92.58,88.05,93.19
"114",114,129.85,115.55,79.09,58.25,147.03,120.04,104.6,103.96,107.71,84.56,75.54,146.1,71.15,95.4,62.38,65.4,124.98,102.72,89.55,78.62,84.52,84.76,90.23,77.14,91.26,100.11,120.31,116.7,111.32,85.89,73.13,123.59,106.15,91.51,77.37,99.81
"115",115,125.02,119.51,94.5,69.38,132.73,127,111.78,107.99,87.22,49.72,88.62,145.64,87.64,96.72,55.33,73.6,109.32,102.03,93.47,90.21,83.46,88.29,90.52,85.54,99.28,106.34,105.35,116.87,109.16,102.86,67.07,110.53,118.15,88.83,89.14,86.07
"116",116,118.71,123.75,86.53,66.27,119.27,133.5,106.94,124.83,113.85,74.1,94.18,147.53,94.87,89.33,72.93,83.04,116.86,106.2,108.09,95.23,91.4,90.92,104.89,104.47,95.36,116.84,85.18,97.61,90.69,107.82,55.61,102.77,114.69,100,98.56,87.18
"117",117,110.67,125.69,81.64,74.2,100.83,116.14,120.77,131.59,108.55,102.44,89.38,133.89,105.53,83.71,89.73,68.55,109.98,99.48,119.07,109.66,108.51,105.61,112.37,104.17,128.89,92.31,81.23,113.31,83.04,118.72,76.93,89.56,80.6,104.39,102.17,84.1
"118",118,113.42,123.77,80.1,71.06,87.1,126.42,100.02,125.07,111.34,96.53,98.29,139.01,112.27,76.79,72.2,67.01,92.12,113.76,97.57,83.31,100.89,98.46,113.23,110.84,144.76,81.77,94.39,113.56,89.58,96.56,79.25,97.92,97.66,97.02,92.5,85.78
"119",119,93.95,134.62,96.64,73.67,74.02,113.35,106.85,135.86,115.35,83.94,86.48,145.08,101.79,79.54,69.76,93.85,86.3,118.68,103.73,78.92,94.92,108.75,124.95,125.45,125.67,72.4,95.44,120.54,106.36,75.58,96.42,93.75,91.73,91.6,97.81,63.03
"120",120,80.03,137.99,81.77,78.7,72.01,138.02,112.32,118.61,115.49,86.65,74.63,148.74,104.43,90.6,58.78,113.92,84.21,124.95,114.05,78.25,90.49,97.49,106.85,131.33,119.99,61.07,78.95,126.96,113.67,78.49,120.45,89.51,99.91,99.65,101.48,61.47
"121",121,80.87,136.18,100.72,84.15,80.51,142.69,121.09,100.7,100.42,103.83,94.25,150.93,107.91,97.67,83.6,117.51,75.39,130.79,112.57,92.72,81.23,102.98,99.7,134.86,128.24,84.95,92.57,131.72,98.91,75.67,124.92,75.18,120.11,89.6,120.27,80.56
"122",122,83.68,130.57,80.93,83.71,82.87,114.35,133.13,106.88,111.96,97.07,91.47,126.23,101.26,104.83,80.11,118.57,59.38,141.99,114.15,112.61,65.51,96.74,92.88,123.93,112.34,67.56,87.89,114.75,110.33,84.9,115.15,90.13,133.46,104.86,102.03,91.11
"123",123,71.87,127.99,110.98,101.52,85.14,114.18,134.82,107.56,114.75,86.6,81.93,140.06,88.52,129.93,77,109.47,78.42,129.61,119.06,113.59,74.23,93.33,81.24,120.12,118.16,71.68,89.11,94.01,124.24,87.88,122.34,89.51,119.99,108.62,81.56,94.03
"124",124,73.42,140.8,71.37,96.01,53.19,126.35,159.55,100.6,118.37,97.21,99.99,127.48,79.42,132.39,90.5,105.42,87.21,122.41,99.37,113.03,71.9,95.75,77.88,125.91,109.04,70.68,88.26,71.78,138.12,88.13,99.23,93.92,117.18,101.1,69.79,82.36
"125",125,87.35,124.4,101.72,105.61,65.97,107.18,171.8,114.09,120.96,110.93,118,117.97,64.09,126.32,88.5,96.72,103.81,123.7,130.8,103.74,73.33,122.14,94.68,122.39,93.42,93.59,109.01,84.92,116.33,72.94,90.05,58.13,96.62,83.43,84.96,99.94
"126",126,90.92,130.76,96.12,91.15,66.08,102.7,156.85,119.88,135.39,98.7,121.35,124.25,69.14,134.37,120.22,115.83,105.12,105.93,132.12,115.61,85.59,113.55,99.92,117.33,92.7,109.95,103.99,93.36,103.83,77.25,106.57,75.87,109.99,91.72,76.16,82.84
"127",127,80.41,126.64,79.91,77.28,70.23,118.26,147.32,129,107.84,89.42,104.23,124.18,66.18,119.29,118.64,116.55,133.14,94.08,132.9,128.35,101.15,96.18,132.88,102.48,103.28,84.33,96.33,108.3,89.59,86.79,106.22,84.04,108.27,104.21,72.89,96.64
"128",128,97.37,106.07,65.92,71.86,83.94,130.22,149.3,118.1,114.22,105.06,103.06,118.43,84.09,114.27,99.52,113.67,118.97,116.82,124.23,116.1,96.77,109.33,140.65,95.36,105.53,96.83,105.49,114.2,96.59,80.34,112.4,86.33,84.84,115.16,84.45,96.99
"129",129,82.01,98.15,77.22,71.78,92.25,131,127.57,127.9,105.27,100.76,87.23,125.78,85.77,110.6,113.96,96.23,121.06,120.93,121.9,107.07,90.73,112.24,120.97,106.35,114.15,96.95,103.34,116.84,98.13,69.14,104.21,75.27,94.41,120.29,86.71,87.89
"130",130,95.04,99.94,83.06,84.88,95.09,135.1,131.94,109.77,90.27,110.65,102.98,124.97,88.54,93.3,112.36,102.98,146.89,117.86,116.88,113.12,83.11,115.74,131.29,104.9,143.3,88.58,135.16,116.98,72.72,93.33,108.1,74.12,98.89,119.58,112.23,92.21
"131",131,119.71,89.19,81.23,74.56,104.24,140.95,133.89,116.08,90.48,121.23,89.58,133.15,94.3,90.84,103.94,98.71,126.97,117.43,133.37,120.54,87.87,106.88,129.55,125.95,145.84,87.87,120.56,121.33,89.34,83,97.1,76.95,91.81,109.17,127.24,118.17
"132",132,98.62,77.56,77.45,86.23,104.34,137.15,140.89,93.27,83.1,95.01,99.11,141.01,91.64,81.43,76.43,98.74,126.72,133.57,149.75,127.71,85.73,102.61,116.11,142.34,136.63,91.93,121,103.3,98.21,74.74,109.43,80.53,90.77,108.87,96.64,127.11
"133",133,86.25,91.59,74.5,86.07,102.76,117.63,140.9,83.27,108.57,94.31,77.2,155.11,88.07,66.13,78.64,96.56,126,127.22,160.49,112.5,85.57,103.48,90.52,134.78,118.95,90.43,103.05,106.21,110.7,69.78,105.63,51.03,93.87,113.75,81.04,114.77
"134",134,109.63,103.31,103.51,88.77,113.82,121.84,145.86,71.52,102.84,95.88,68.43,142.87,87.69,87.35,103.72,85.36,123.64,124.62,148.27,122.36,83.93,117.92,89.82,127.67,114.36,84.85,92.52,114.03,121.87,63.02,113.08,63.95,109.42,112.84,86.66,126.39
"135",135,111.06,68.4,118.99,101.61,98.93,121.41,108.34,62.33,98.16,93.3,101.99,146.6,75.6,105.96,115.84,104.84,114.96,111.61,132.42,105.33,113.08,112.61,95.12,111.83,113.61,74.08,96.57,110.49,109.29,89.55,103.48,63.96,100.38,86.2,77.43,132.83
"136",136,123.78,84.09,114.93,93.95,81.24,113.33,139.8,78.48,107.47,61.86,80.86,153.08,82.3,107.87,112.5,102.14,111.05,110.74,113.06,103.27,116.17,109.46,98.5,115.14,101.79,65.01,89.72,106.16,98.19,105.25,104.02,85.08,98.14,100.37,70.91,128.68
"137",137,126.94,102.11,103.59,94,75.63,101.7,131.69,70.22,122.71,66.5,84.82,132.75,90.56,92.99,109.01,86.95,97.35,109.13,114.69,108.17,112.82,109.3,101.28,106.26,104.05,82.29,64.95,110.76,110.96,94.39,112.41,109.59,95.2,96.66,79.01,130.17
"138",138,109.27,119.68,102.16,84.02,72.83,108.47,129.95,52.32,125.07,73.1,93.91,131.41,104.99,86.81,111.84,99.39,99.12,104.63,113.4,105.73,101.31,97.43,100.16,138.36,107.47,86.53,84.01,116.92,106.75,90.72,107.16,131.26,93.21,103.45,74.82,120.61
"139",139,113.54,132.51,120.76,100.88,79.42,107.75,119.19,79.3,110.96,78.09,118.27,132.25,98.71,78.88,109.19,120.25,101.78,97.54,126.51,110.44,107.76,89.36,98.72,155.36,120,97.5,93.8,97.4,102.18,89.6,125.55,110.86,95.53,87.22,67.22,133.15
"140",140,101.71,128.73,127.51,97.65,84.44,117.63,105.06,92.8,99.43,94.48,131.99,119.68,97.64,90.35,78.1,134.88,94.03,102.67,111.71,101.59,102.63,79.37,96.53,147.39,116.1,110.33,80.39,118.42,71.3,81.6,115,114.29,72.95,83.56,53.62,128.67
"141",141,72.33,116.94,127.07,111.92,70.72,132.75,94.25,110.47,94.79,93.44,129.96,118.79,98.49,90.61,91.58,122.13,96.29,90.1,105.53,87.08,103.69,90.06,94.4,151.28,91.2,113.82,104.71,115.48,80.65,81.12,96.41,97.94,75.62,69.85,73.27,123.5
"142",142,75.57,98.6,142.51,145.71,78.98,130.8,114.61,106.05,106.71,80.84,128.39,117.5,102.67,91.53,98.06,116.07,101.83,97.46,84.7,112.2,115.91,95.63,111.47,169.23,106.56,115.59,118.2,123.07,78.98,84.55,101.39,108.74,91.38,78.33,80.19,119.71
"143",143,87.15,101.7,124.47,125.23,87.44,123.39,87.38,90.7,86.03,67.82,127.56,112.05,92.39,97.87,96.8,102.48,84.22,103.17,62.71,110.41,117.19,117.86,103.45,167.08,106.82,106.82,105.19,121.17,70.59,88.47,107.41,97.41,96.48,88.59,56.79,101.93
"144",144,84.31,119.46,132.35,133.98,77.45,119.95,95.78,80.84,100.36,58.71,103.23,100.66,114.54,89.67,93.98,87.53,66.11,118.64,60.71,124.39,116.32,107.82,104.99,161.86,92.23,102.57,95.95,105.9,102.38,79.23,118.57,98.77,80.77,99.44,40.2,84.79
"145",145,89.31,117.5,105.69,120.89,77.99,127.56,92.19,84.82,92.38,67.32,97.49,114.14,95.3,126.9,98.64,86.35,68.02,111.22,61.01,132.19,130.08,112.61,67.52,130.64,115.43,91.85,116.65,93.9,97.55,90.76,98.58,95.89,76.21,82.54,47.23,89.49
"146",146,72.92,119.77,91.7,113.14,82.33,137.87,108.01,82.9,96.36,95.05,87.78,124.75,113.38,103.36,104.6,94.98,92.26,120.05,69.65,141.21,102.25,92.99,64.15,135.39,103.6,107.61,120.82,78.07,95.49,86.02,111.48,79.66,108.24,104.45,65.4,93.36
"147",147,81.15,129.15,106.39,85.51,86.73,112.19,103.26,95.93,94.16,105.81,96.97,127,130.59,109.89,114.38,104.09,102.7,110.24,79.41,133.26,84.88,100.17,70.93,108.73,115.92,104.06,101.66,80.61,90.42,76.54,104.78,78.83,111.03,103.27,86.56,85.02
"148",148,78.07,132.45,97.26,124.02,93.18,92.08,80.35,97.47,82.82,111.8,68.18,134.05,129.62,111.91,137.89,108.29,100.32,109.69,110.77,136.72,77.76,116.9,88.87,100.7,114.53,108.46,91.79,84.67,87.59,61.08,98.22,110.59,83.95,98.39,84.59,100.54
"149",149,88.05,105.98,85.52,112.77,97.18,84.33,97.12,85.82,120.98,110.33,84.89,131.83,128.63,99.08,125.01,117.49,115.95,99.36,94.95,131.01,75.72,115.2,70.96,108.07,137.88,117.62,75.86,88.8,75.59,55.29,92.89,92.61,86.54,104.62,84.94,94.89
"150",150,85.08,102.76,100.32,107.43,92.27,98.51,89.45,80.95,97.89,104.3,77.42,137.76,114.27,78.04,123.07,132.39,119.62,100.89,91.06,119.03,79.16,112.4,56.05,114.81,124.18,109.35,86.48,108.59,85.93,62.37,102.89,99.58,95.03,108.19,87.09,118.36
"151",151,75.47,93.78,95.11,114.66,100.94,107.42,86.03,98.11,107.79,71.19,87.44,119.87,107.52,88.99,114.93,135.54,121.69,80.01,86.55,116.63,98.39,123.47,64.63,125.99,99.65,133.47,88.52,84.22,91.4,67.14,133.56,104.12,111.43,128.02,90.22,129.08
"152",152,109.09,109.98,93.57,132.41,119.04,102.28,87.37,79.27,125.15,85.07,99.39,127.7,95.88,93.32,90.72,125.48,117.37,104.12,100.33,101.24,89.43,115.35,100.05,129.9,80.99,118.47,96.65,90.63,107.33,65.26,124.23,118.66,114.15,129.49,82.17,118.2
"153",153,106.6,115.88,92.2,135.58,121.25,97.07,97.31,74.7,134.95,54.06,101.5,125.93,86.62,103.21,93.81,122.48,111.76,111.11,105.4,104.26,94.08,119.9,87.73,135.37,83.72,131.1,101.07,82.68,118.74,61.84,121.45,134.02,115.48,118.54,69,105.38
"154",154,109.68,109.27,103.42,129.61,106.46,118.11,86.43,72.63,140.8,52.55,100.02,132.7,93.37,96.92,85.71,117.96,118.47,104.57,123.45,108.87,90.93,116.87,94.04,126.18,74.06,111.09,88.97,73.64,124.27,75.66,123.77,129.5,134.53,111.67,89.94,114.15
"155",155,108.42,107.14,88.64,133.45,117.24,102.24,98.6,82.65,134.6,61.89,104.44,130.64,101.02,104.52,81.96,111.44,120.47,113.86,118.15,81.91,74.38,114.38,74.59,103.47,72.55,106.44,85.95,86.6,127.8,77.26,115.35,132.56,114.61,103.27,88.75,117.2
"156",156,93.94,115.35,94.15,109.12,116.34,81.76,95.58,111.68,125.73,87.3,107.38,137.95,102.78,104.99,90.4,107.45,124.75,133.49,147.37,92.64,68.61,104.23,94.82,94.26,63.52,105.11,96.78,92.75,147.74,89.49,104.67,143.09,112.35,101.23,83.52,123.07
"157",157,104.6,92.45,86.99,85.02,112.31,87.79,101.22,100.74,108.36,88.31,118.01,115.14,119.1,88.84,109.89,87.48,138.18,123.51,128.72,102.21,83.37,89.8,73.83,81.72,68.08,90.15,89.74,107.62,142.88,98.7,122.6,141.79,118.32,103.08,91.6,108.4
"158",158,109.51,116.1,92.19,74.47,105.42,104.36,81.82,98.88,104.75,95.37,99.52,88.63,128.05,104.49,114.8,107.78,115.92,132.91,113.71,113.71,109.43,103.27,73.13,84.49,79.67,98.46,105.37,91.61,134.61,89.95,132.93,154.83,115.81,100.93,80.39,104.64
"159",159,108.81,112.63,114.87,92.6,141.95,109.15,94.95,104.67,111.48,106.41,91.06,73.89,125.56,91.26,93.05,114.5,103.21,133.96,132.24,119.46,107.42,112.04,64.54,91.21,105.61,95.58,95.77,114.83,124.28,68.96,153.15,162.33,108.88,88.44,97.15,97.98
"160",160,104.32,113.31,99.94,93.68,137.13,105.04,120.75,122.33,108.44,100.05,93.72,76.38,105.06,92.35,93.9,104.96,97.11,149.52,125.19,115.59,123.78,96.55,45.15,108.02,110.78,82.19,109.75,104.76,127.71,58.33,160.49,139.47,113.74,105.18,94.2,101.26
